827000274;Confension Juventud Con Una Mision;Sector Morasi ;Engativa ;Calle 49a #73-16;4.670127, -74.110777
800114682;"Asociación De Padres Usuarios DeHogares De Bienestar Del  Barrio Giraldilla";Catalina I Sector;Fontibon;Carrera 78K #50-46 ;4.672477, -74.070736
800165016;"Asociación De Usuarios De Hogares De Bienestar Camino A La Esperanza";;Barrios Unidos; Transversal 2 n69 A 26 Sur ;4.640693, -74.056411
900119572;Hogar Tercera Edad;La Cabaña;n¡REF!;Calle 23H Bis #104B-92;4.685241, -74.139490
900376067;Fundacion Simmon Sinergias Integrad;Tierra Linda;Suba;Calle127A # 46 - 06;4.709163, -74.055679
900423978;Jornada Alterna Mi Casita;Coruña Atlanta;Ciudad Bolivar ;Carrera  49 A # 59 A Sur - 40;4.579383, -74.153807
900226180;Parroquia nuestra Señora De Fontibon;Atahualpa;Fontibon;Carrera  116 # 22 I - 00;4.686935, -74.150768
900363825;Fundacion Bethel;Fontibón - Villemar;Fontibon;Carrera  96 G # 21 - 11;4.673306, -74.138210
860010516;Orden De Religiosas Adoratrices De Colombia - Ciudadela Maria Micaela;;San Cristobal ;Carrera  9 #28-29 Sur;4.590669, -74.082613
900551321;Fundacion Valores Semillas Del Futuro;Mexico;Ciudad Bolivar ;Carrera  16A #63B -18 Sur;4.555553, -74.134884
830132757;Corporacion Renacer;Barrio La Florida Sur;Ciudad Bolivar ;Carrera 17 H # 70 A - 29 Sur;4.547159, -74.140381
860021766;Corporacion De Residencias Universitarias;Centro nariño;Teusaquillo;Carrera  33 # 23 - 51;4.627442, -74.086961
830111643;Fundacion Hogar De Abuelitos Fe Y Luz;Santa Isabel;Los Martires;Calle  1A # 28 - 56 ;4.596863, -74.103274
900229420;Corporacion Sigue Mis Huellas;Olaya ;Rafael Uribe;Carrera  19C #22-20 Sur;4.583246, -74.104218
900030381;Colegio San Gregorio Hernandez Eu;;Usme;Calle 76A Sur #0-66 Este;4.512543, -74.115135
900098908;Fundacion Laudes;Marsella;Kennedy;Carrera  5 # 8-55 ;4.595035, -74.074902
900321037;Tejiendo Futuro Para  Todos;San Marcos ;San Cristóbal ;Carrera  83 # 65 B - 11;4.688206, -74.108624 
860019032;Parroquia nuestra Señora De La Peña;Laches;Santa Fé;Carrera  19 Este # 4-16;4.737230, -74.254851
900399159;Fundacion Hechos Para Tranzcender;San Antonio Engativá;Engativá;Avda. Calle 63 # 111 - 24 Piso 2;4.701735, -74.133149
830075192;Santuario El Señor De Los Milagros;Bachue;Engativá;Calle 80 #97-15;4.724920, -74.123936
900091485;Fundacion Siervos De Jesus;" Luís Carlos Galán I Sector (Altos De Cazucá)";Ciudad Bolívar;Carrera  20B Sur # 45-16;4.633687, -74.072630
900065413;Parroquia Beato Guillermo Jose Chaminade;La Estrella;Ciudad Bolivar;Carrera  18 #73 Sur-50;4.545567, -74.147572
860523694;Instituto Tecnico Central;Favorita;La Candelaria;Av. Calle 13 #16-74;4.661169, -74.098641
860527074;Parroquia nuestra Señora De La Consolata - Plato De Sopa;El Vergel;Los Martires;Carrera  24 #1B-73;4.594494, -74.097951
860041454;Parroquia nuestra Señora De Los Dolores;San Bernardo ;Santa Fé;Carrera  13 # 3-37;4.692573, -74.183141
860024591;Parroquia nuestra Señora Del Carmen - Las Cruces;Las Cruces;Santa Fé;Calle 1 Este # 7 - 75;4.586864, -74.082061
860007392;Dominicas Hijas De nuestra Señora De nazareth;Cerros De Sotileza;Suba;Carrera  61 #128B-50;4.717670, -74.073150
860450529;Parroquia nuestra Señora De La Candelaria;Candelaria;La Candelaria;Calle 63A Sur #34-10;4.570103, -74.150149
830057054;Fundación Hogar nuestra Señora Del Carmen Bendicenos;Jazmin;Puente Aranda ;Calle 2D #40-46  ;4.611174, -74.112282
860450533;Parroquia nuestra Señora Del Lucero;Lucero;Ciudad Bolívar;Carrera  17F #69-24 Sur;4.548646, -74.139855
830018298;Parroquia Cristo De La Paz - Capilla nuestra Señora De Los Valles;;Usme;Carrera  1B #76B-15 Sur;4.511967, -74.117223
860024881;Parroquia nuestra Señora De Lourdes;Chapinero;Chapinero;Calle 63 A # 10 - 09/10-21;4.649844, -74.062539
800124759;Hermanas Minimas De nuestra Señora Del Sufragio;Santa Fe;La Candelaria;Carrera  17 #22A -33;4.612994, -74.077120
860025790;Parroquia nuestra Señora De Belén;Belen;Ciudad Bolívar;Carrera  3 # 5-95;4.707733, -74.228434
900085682;Corporacion Orientar Para Crecer;Samper Mendoza;Los Martires;Calle 24 # 19B -16;4.619227, -74.078554
860007398;Casa De La Madre Y El niño;Belarcazar;Teusaquillo;Calle 48 # 28-30;4.638142, -74.078029
900217424;"Fundacion Ips De Rehabilitacion En Salud Mental Conductual Y Emocional Para niños Y niñas Y Adolescentes (Psicorehabilitar Ips)";Estrada;Engativá;Carrera  69 # 67A - 03;4.677231, -74.091687
860014066;Jardin Infantil Obrero;;La Candelaria;Carrera  5 #33-61;4.619244, -74.065548
800217115;Parroquia San Leon Magno;Bello Horizonte;San Cristóbal ;Calle 31 F Sur # 1 - 11 ;4.561288, -74.094554
830079135;Comite Civico Comunitario La nueva;Buenos Aires;Usme;Carrera  5H Bis #96-90 Sur;4.499861, -74.103565
830050939;Fundacion Social El Encuentro;Polo Calleub;Barrios Unidos;Avda. Carrera  20 # 81 - 55;4.669170, -74.060924
900307312;Fundacion La Esperanza De Amaly;Fontibon - Ruby;Fontibón;Calle 22 L # 96 H - 45;4.676538, -74.136664
900310341;"Corporacion Red De Mujeres Por La Paz Y Los Derechos Humanos";Castilla;Kennedy;Carrera  72B # 9 - 73;4.643471, -74.136708
830122807;Fundacion Aprender;normandía I Sector;Engativá;Carrera  71 # 53 - 52;4.670567, -74.104426
830097746;Fundacion Gerontologica Refugio De Las Canitas;Modelia;Fontibón;Carrera  81 C # 22 C - 22;4.663103, -74.127561
860067294;Fundacion Centro Para El Reintegro Y La Atencion Del niño-Carrera n;Casablanca;Suba;Transversal77 # 162 - 06;4.749279, -74.073031
830098811;"Fundacion Para La Prevencion Y Rehabilitacion De La Drogadiccion Y El Alcoholismo Liberate";Tuna Alta;nn/A;Tv. 77 # 166 - 40 ;4.670567, -74.104426
900090186;Bonanza;Bonanza;Engativá;Carrera  72 A # 71 A - 14;4.687436, -74.096400 
900499361;Corporacion Cristo Siervo;La Alameda Del Parque;Bosa;Calle 74 Sur # 78 - 01 ;4.693620, -74.099237
900635736;Cdies;El Corubo;Usme;Carrera 2 Este # 79-20 Sur A ;4.510785, -74.110367
860021793;Asociacion Parque El Canada;Santa Ines;San Cristóbal ;Carrera  5 Este # 28 A - 20 Sur;4.584032, -74.072871
830117795;Asociación Pan De Vida Cer -Comedor Buenos Aires;;Barrios Unidos;Carrera  48 # 93 - 86;4.671945, -74.088138
860527146;"Asociación De Padres De Familia Hogar Infantil Guacamayas";Guacamayas Ii Sector;San Cristobal ;Carrera 2 G # 37 A 60 Sur;4.554660, -74.096768
830083596;"Fundacion Arte Y Cultura Para El Desarrollo Infantil Fundaci";Chapinero;Chapinero; Calle 61 #7-44;4.646759, -74.061224
900349408;Fundacion Huellas De Arte Y Cultura - Funhac ;nueva Zelandia;Suba;Calle 176 # 52 - 10;4.758242, -74.050489
900216738;Corporacion Senderos De Esperanza;Patio Bonito;Kennedy;Calle 38 Sur #93B-02;4.644943, -74.169874
900375471;Fundacion Alegrando Vidas;Escala Il Sector;Ciudad Bolivar;Carrera 18M # 61D-56 Sur;4.556595, -74.139704
830068106;Fundación Mujer Del nuevo Milenio- Casa Rosada;Patio Bonito ;Kennedy;Calle 1Bis #87-30;4.579767, -74.110516
830143151;Fundación Misionera Divina Redención  San Felipe;Suba;Suba;Carrera  90 #148-55;4.733138, -74.116239
860010457;Taller Pedagogico Madre Calleara Fey;;Teusaquillo;Av 66A #61;4.591680, -74.156907
860010457;Hermanas Del niño Jesus Pobre;Boyaca Real;Teusaquillo;Av. Boyaca #66A-61;4.681706, -74.099464
900216738;Corporacion Senderos De Esperanza;Patio Bonito;Puente Aranda ;Calle 38 Sur #93B-02;4.644943, -74.169874
900659667;Fundacion Recojamos Semillitas;Ciudad Galán;Kennedy;Carrera  96 B # 38 C - 32;4.647273, -74.173196
830120135;Corporacion Escuela Popular Infantil Epi;Villa nidia;Usaquén;Calle 160C #11-51;4.738543, -74.038468
900512828;Fundacion Lucero Azul;La Flora;Usme;Calle75 A Sur # 12Este - 55;4.515311, -74.094061
900311662;Fundacion Para La Vida Y La Paz- Funvipaz Cazuca;El Espino;Ciudad Bolívar;Calle 68B Bis # 77-10;4.579947, -74.178747
830027812;Parroquia Maria Reina De Los Apóstoles;Juan Pablo Ii;Ciudad Bolívar;Carrera 18 Q #67A-52 Sur ;4.598112, -74.088655
830062192;Fundacion Amigos De Jesus Y Maria;Calle Villa Liliana;Kennedy;Carrera  81B # 15A-30;4.654796, -74.136533
830091082;Fundación Arka Educación Semilla De Paz;Bosa - Libertad Ii;Bosa;Carrera  89 Bis # 69 - 09 ;4.636246, -74.172939
900489250;"Asociacion De Madres Cabeza De Familia Hacia Un Futuro Mejor Asomejor";Barcelona S.O;San Cristóbal ;Calle 35 Bis # 8 A - 45 Sur ;4.565547, -74.102393
900377699;Fundacion Liceo Infantil La Esperanza;Suba Lisboa;Engativá;Carrera  154 # 135 - 09;4.743312, -74.124887
800000791;Fundacion San Martin De Tours;San Martin Loba;San Cristobal ;Carrera  1 Bis # 42-19 Sur;4.550446, -74.099459
830096512;Corporacion Ambiental Planeta Cristal;San Francisco;Bosa;Carrera  20F # 62 -67 Sur;4.650274, -74.070244
900599500;Fundacion Refugio De Amor El natan;La Victoria;San Cristóbal ;Carrera  3 Este  # 43-32;4.703534, -74.227409
900363825;Bethel;Fontibón - Villemar;Fontibón;Carrera  96 G # 21 - 11;4.673306, -74.138210
860504924;Fundacion Voluntariado Juan Pablo Ii;Sta Sofia;Barrios Unidos;Carrera  28A #75-24;4.668301, -74.067757
830057865;Fundacion Cuna Del Arte;;Ciudad Bolívar;Carrera  49B #59B-35 Sur;4.714600, -74.056300
830135084;Fundacion Social La Cosecha;Britalia norte;Suba;Calle 163 # 48 - 48;4.736372, -74.020511
860016941;Sociedad Vecinal De Suba;Suba;Suba;Carrera  98 # 156C;4.755618, -74.084947
860013666;Congregacion Hermanas Oblatas De Betania;nogal;Chapinero;Carrera  8 #75-42;4.658560, -74.054127
832003327;Parroquia San Antonio De Padua Capi;Cogua ;Usme ;Calle 4 #3-44;5.024271, -74.007294
900126032;Reingenieria De Corazones Paraun nuevo Amanecer;Sta Barabara;Usaquén;Carrera  6 #5-99;4.590431, -74.078591
830132837;Asociacion El Regreso A Emaus;Virrey;Chapinero;Calle 93B #0-51 Sur;4.647611, -74.165865
900359706;Fundacion Prosperarte;Diana Turbay;Rafael Uribe;Calle 48P sur # 0 -33 Este;4.585974, -74.131783
900567053;Asociacion Globalisa Solidaria;Suramérica;San Cristóbal ;Calle 28 Sur #4-24;4.567367, -74.094385
830018298;Parroquia Cristo De La Paz;;Usme;Carrera  1B #76B-15 ;4.581564, -74.078137
900769929;Fundacion Pasos Dorados;Modelia;Fontibón;Calle 23 # 75-33;4.663342, -74.123349
860010523;Fundacion Gota De Leche;Santa Fe;Santa Fé;Carrera  9  # 20 - 42;4.607700, -74.072463
900269604;Fundacion Educativa Creciendo;Sabana Tibabuyes;Suba;Transversal 127C # 139B - 48;4.747106, -74.108568
900695276;Fundacion Proyecto El Ser Social;Santa Ines;Bosa;Calle 70B Sur # 89A-67;4.626943, -74.199195
900340234;Fundacion Solidaria Creer;Juan Jose Rondon - Alto De La Cruz;Ciudad Bolívar;Carrera  20 # 67-92;4.657406, -74.067342
830065150;Asociación De La Tercera Edad Barrio Estrella Del Sur - Localidad  19 Astebes;Estrella Del Sur ;Ciudad Bolívar;Calle 75 # 18 D - 57 Sur;4.542345, -74.143293
900241576;Fundacion Una Puerta Abierta Para Ti;;Ciudad Bolívar;Calle 70 S # 48 A - 14;4.656510, -74.062686
830045172;Fundacion Mujer Del nuevo Milenio;Barrio La Roca;San Cristóbal ;Calle 6 D #8-63 Este;4.577393, -74.077098
900317029;Fundacion Martha Chacon Creciendo Para El Mañana;Britalia;Kennedy;Carrera  80 J # 51 - 19;4.674886, -74.068931
900356216;Fundacion Social Servir Con Experiencia;Mandalay;Fontibón;Calle 5 B # 78 C - 26;4.606528, -74.100165
900119083;Fundacion Social Castillo San Lucas;Maria Cano;Ciudad Bolívar;Carrera  74I #62-03;4.675000, -74.080162
900223205;Fundacion Semilla De Vida Tierra Fe;Juan Pablo Ii;Ciudad Bolívar;Calle 67A # 18 - 76 ;4.554640, -74.146430
900551118;Creciendo Y Jugando;Zarazota;Rafael Uribe;Carrera  9 A # 48 C - 30 ;4.701607, -74.032639
900119083;Jardin Infantil Maria Cano Emma Antonio;María Cano;Ciudad Bolívar;Carrera  74 I # 62 - 03;4.674929, -74.080269
830102197;Diamantes Soñadores-Conboyreal;;Engativá;Calle 68A #73A-32;4.684156, -74.099731
830146564;Hogar Gerontológico Ayudamos Con Cariño Eu;Teusaquilla;Teusaquillo;Calle 29 #17-18;4.619061, -74.073744
830142033;Asociación Los Dinámicos De Las Villas Adultos Mayores Villas Del Sol ;Villas Del Sol;Rafael Uribe;Calle 48C Sur #10C-16;4.563706, -74.113340
830146011;Parroquia  Santa Maria De La Rivera ;La Rivera;Kennedy;Carrera  97D #42A-26 Sur;4.645961, -74.176826
860047327;Comunitario - Fisdeco  ;Lucero Alto;Ciudad Bolivar;Calle 69C #17F-41 Sur;4.548989, -74.139622
800041573;Congregación Hermanas De La Caridad De Montreal Hermanas Grises;Paraiso;Martires;Carrera  27L # 71G-09;4.663833, -74.068562
800185423;Cooperativa Multiactiva Alternativa Social Ltda;Casa Linda;Ciudad Bolivar;Carrera  22 Sur #58-26 Casa 2;4.611554, -74.127205
830091306;Corporación Para El Desarrollo  Comunitario El Buen Samaritano;La Rivera;Kennedy;Carrera  97 A Bis # 42 A - 13 Sur;4.645278, -74.177038
860041454;Parroquia nuestra Señora De Los Dolores;San Bernardo ;Kennedy;Carrera  13 # 3-37;4.692573, -74.183141
830132837;Asociación El Regreso De Emaus;Virrey;Chapinero;Calle 93B #0-51 Sur;4.647611, -74.165865
860006696;"Hijas De La Caridad De San Vicente De Paúl Centro Ambulatorio Medalla Milagrosa";Samper Mendoza;Usme;Calle 22C #26C-35;4.620437, -74.082077
900170000;Corporación Misión Vida Colombia;Bolivia;Martires;Carrera  109 #81-39;4.717556, -74.115284
900336416;Parroquia nuestra Señora Del Santísimo SaCarrera mento;Los Alpes;Ciudad Bolívar;Calle 75 Bis A Sur #25-48;4.541755, -74.155536
900017812;Fundación Centro De Desarrollo Integral Herederos;Santa Ana ;Soacha;Carrera  12 #10-26  ;4.600756, -74.080127
830082318;Fundación Geriatrica La Ternura De Mis Abuelitos   ;Sta Sofia;Barrios Unidos;Carrera  31 #78-26;4.602814, -74.102937
900415825;Fundacion Turismo Con Proposito;San Francisco;Ciudad Bolívar;Avenida Villavicencio 20 D - 53 Sur ;4.550916, -74.089959
900298439;Fundacion Colombiana Brazos Abiertos ;Villa Emilia ;Fontibón;Carrera 80 I #42 A - 17 Sur ;4.622491, -74.163527
860006881;Fundación Central De Juventudes;Salitre Greco;Engativá;Av 68 #49A - 95;4.661169, -74.098641
830011345;Asociación Mujeres Del Rio ;Trinidad G.;Puente Aranda ;Diagonal6B #78A-70;4.631784, -74.147024
860045094;Fundación Colegio Santa Maria;San Antonio;Antonio nariño;Carrera  11 #185B-17;4.763216, -74.03286
860007314;"Congregación De Las Siervas De Cristo Sacerdote Hogar Callearita Santos";Cruces;Santa Fé;Carrera  8 #1F-13;4.589317, -74.081771
890980007;"Congregación De Hermanas Misioneras De Santa Teresita Del niño ";Ciudad Jardín Sur - nueva;Antonio nariño;Carrera  12 B # 18 - 27 Sur;4.569933, -74.235066
900314972;Fundación Red De Amigos;Isla Del Sol;Tunjuelito ;Calle 67 B Sur # 62 04;4.590214, -74.151566
832005332;Asoc Jireh Provision De Amor ;Verdala -  Cota;Suba;Carrera  6B #12-39;4.811339, -74.102876
800200505;Asociación De Padres De Hogares De Bienestar El Amparo De Los niños;El Olivo;Chapinero;"Cr  10 A 67-46";4.652488, -74.060580
900223205;Fundación Semillas De Vida Tierra Fertil;Juan Pablo Ii;Ciudad Bolívar;Calle 67A #18-76;4.554640, -74.146430
830125802;Fundación Por Un Mundo nuevo Para La Protección De Los niños, Jovenes Y Familia    ;Estrada;Engativá;Carrera  69A #71A-06;4.681116, -74.089043
832000645;Asociacion De Padres Usuarios Y Hogares De Bienestar Santa Ana;Santa Ana Compartir ;Suba;Carrera  11B # 7B-22 ;4.713674, -74.230293
890400063;Denominación ECalleesiastica  Iglesias  Evangelicas Del Caribe Pasos De Fe;Suba;Suba;Av Alfonso Lopez #15-148;4.631345, -74.066644
830045220;Asociación De Padres De Familia Ecos Y Sonrisas Del Futuro;La Rivera;Kennedy;Calle 70D Bis #113-72;4.711778, -74.130423
800040208;Asociacion Prodefensa Del niño Y La niña Del Barrio Villa nidia;Cerro norte;Usaquén;Callee 160 C Bis  # 1 B 11 ;4.743305, -74.058287
860041990;Parroquia La Resurrección;;Usaquén;Diagonal32B Sur 12B;4.594839, -74.119114
860531776;Fundación Fiambre;Altos Cazuka;Rafael Uribe;Carrera  1A #11-07 ;4.582363, -74.076985
830104715;Asociación Para El Desarrollo Y Bienestar Integral De La Comunidad Mi Mundo - Asomimundo ;;Soacha;Carrera  110B #29A-21;4.719824, -74.113781
832003327;Parroquia San Antonio De Padua - Cogua;Cogua ;Suba;Calle 4 #3-44;5.024271, -74.007294
860006696;Hijas De La Caridad De San Vicente De Paúl - Casa La Milagrosa;;Cogua;Calle 195 # 56 - 95;4.774538, -74.052188
900126032;Asocia. Reingenieria De Corazones Para Un nuevo Amanecer  ;Sta Barabara;Martires;Carrera  6 #5-99;4.590431, -74.078591
900158448;Parroquia Maria De La Paz;Fontibon ;Santa Fé;Carrera  82C # 5A - 28 Sur;4.637133, -74.158043
900200362;Parroquia Beato Santiago Alberione;La Estrella;Ciudad Bolivar;Carrera  18 #73 Sur-50;4.545567, -74.147572
830044573;Fundación Hogar Bezaleel A La Sombra De Dios       ;Tejar;Fontibón;Calle 26 Sur #51A-05;4.603886, -74.123474
800203986;Asociación Corazón, Esperanza Y Amor;;Barrios Unidos;Carrera  26 #70-73;4.661918, -74.069349
830123149;Feadin;Santa Librada;Usme;Calle 75 Sur #1A Este-57;4.514933, -74.114310
830125241;Fundación Pacto Belen;Fontibon;Fontibón;Calle 19 #109-48;4.680518, -74.148800
900066887;Fundación Pequeñas Almas ;Primavera;Puente Aranda ;Carrera  47 #6-29;4.623595, -74.106172
900116862;Fundacion Medica Santa Maria Virgen;Bosques De Mariana;Engativa;Calle 70A #11D-43;4.706563, -74.127626
900314175;Fundación Social Para La InCalleusión Orientada Y A La niñez Colombiana - Fusion Colombia;Villa Javier;San Cristobal ;Calle 84 Sur #5-45;4.579604, -74.084150
830040873;Colegio Paraiso Mirador;Paraiso nueva;Ciudad Bolivar;Carrera  27L #71H-46 Sur;4.552203, -74.161761
830040834;Fundacion Dharma;Santa Barbara;Usaquén;Carrera  18 #109-66;4.694737, -74.048378
900004116;Institución De Asistencia Social Hogar Infantil Estrella De Oriente;Codito;Usaquén;Calle 182 # 3 - 79/85 ;4.775415, -74.019964
860039791;Hogar La Bondad De Dios;Palermo;Santa Fé;Diagonal 46 # 20 - 69;4.636708, -74.072719
860354443;Fundación Centro Terapeutico Infantil Ceti;La Paz;Barrios Unidos;Calle 67 #28A-35;4.661289, -74.074379
860016850;Parroquia Jesucristo Obrero;;Barrios Unidos;Carrera  3C #32-10;4.617300, -74.064589
860006696;"Hijas De La Caridad De San Vicente De Paúl Centro Ambulatorio Medalla Milagrosa";Samper Mendoza;Martires;Calle 22C #26C-35;4.620437, -74.082077
830091306;Corporación Para El Desarrollo  Comunitario El Buen Samaritano;La Rivera;Martires;Carrera  97 A Bis # 42 A - 13 Sur;4.645278, -74.177038
860032186;Fundacion Para La Asistencia De La niñez Fana;Suba ;Engativá;Carrera  96 # 156B-10;4.753949, -74.083119
830147673;Asociación De ReciCalleadores De Rafael Uribe Uribe Formando Comunidad;;Engativá;Calle 37 Sur #24A-18;4.582043, -74.119655
800243329;Parroquia San Ezequiel Moreno- Capilla Beata Madre Teresa  Calcuta;Estancia nueva;Ciudad Bolivar;Calle 60B # 2 - 17;4.588103, -74.184578
832003674;Fundación Forjadores Del Mañana Para El Bienestar Comunitario Visión Al Futuro;Compartir;Suba;Carrera  14A # 2A-55 Sur;4.590136, -74.092156
860025917;Corporación Futuro Juvenil;Estrada;Engativa;Av Constitucion #64-39;4.673742, -74.098639
830109507;Asociación Solidaria niños Con Futuro;Simon Bolivar nueva;Barrios Unidos;Calle 79 #50-15;4.673132, -74.069804
900307312;Fundación La Esperanza De Amaly;Fontibon - Ruby;Fontibón;Calle 22 L # 96 H - 45;4.676538, -74.136664
830010375;Asociación Centro De Atención Integral San José;Ciudad Jadín;San Cristóbal ;Calle 17 Sur # 10 - 21;4.578946, -74.093409
830121556;Fundación Colombiana De Servicios Comunitarios ;Eduardo Santos;La Candelaria; Calle 1C Bis #19-18;4.593991, -74.091951
900038836;Parroquia Madre Teresa De Calcuta;Casa Linda;La Candelaria;Calle 59A Sur # 22- 91 Casa 3;4.569593, -74.143510
830019818;Asociación Mujer Cabeza De Familia -Santa Barbara ;                                                                                                    ;Candelaria;Carrera 9 #6 A - 10;4.664962, -74.050354
900316207;Asociación Amor Y Esperanza H.S (Hogares Sustitutos);Los Monjes;Engativá;Carrera  110 A Bis # 64 - 22;4.701476, -74.131368
900113703;Fundación Shekinah;Engativá - Centro;Engativá;Carrera  121 # 63 K - 10;4.713778, -74.142313
900167243;Fundacion De Corazon A Corazon;Galerías;Teusaquillo;Carrera  20 # 52 - 20;4.640672, -74.071478
900140947;Salvemos A Cristian;Buenos Aires;San Cristobal ;Calle 2B # 20-20;4.597426, -74.092616
830058120;Asociación Hogar Fervor Fe Esperanza Rehab. Vida Y Amor;Sociego;San Cristobal ;Carrera  9A #14-03 Sur;4.579213, -74.091215
830123612;Fundación Gotas De Misericordia;Prados Alameda;Fontibón;Carrera  137 A # 17 A - 59;4.696741, -74.169240
860020076;Orden De Hermanos Menores Capuchinos;Prado Pinzon;Suba;Carrera  49 # 138 - 70;4.725127, -74.053923
900602992;Fundacion Hogar Canitas Saludables;Centro;Chapinero;Carrera  9 # 2 - 30;5.021580, -74.004001
830111643;Fundacion Hogar De Abuelitos Fe Y Luz;Santa Isabel;Los Martires;Calle  1A # 28 - 56 ;4.596696, -74.103915
900066907;Fundacion Colombia nuevos Horizontes;Ricaurte Urb Santa Helena;Los Martires;Calle  23 # 5 - 32 Este;4.577217, -74.209221
900969994;Fundación Sonrisas Milagrosas;Modelia;Fontibón;Carrera   85B # 25B - 34;4.673267, -74.121077
900848805;Fundacion Familias Creciendo Con Amor;Escuelas;Santa Fé;Carrera  3 # 10 - 21;4.587566, -74.187049
860027139;Orden De Los Calleerigos Regulares Somascos;Britalia norte;Suba;Calle 167 #62 - 31;4.750193, -74.062038
900881804;Fundacion El Renacer;normandia;Engativá;Calle 48A #70D-34;4.665652, -74.108968
900868810;Fundacion Desafios;Fontibon;Fontibón;Calle 25D #81A - 66;4.671542, -74.118868
900793082;Fundacion Purisima Concepcion De Maria;Atahualpa;Fontibón;Calle 22I # 114 - 37;4.686963, -74.148034
900085682;Corporacion Orientar Para Crecer;Samper Mendoza;Los Martires;Calle 24 # 19B -16;4.618546, -74.078509
800232366;Corporacion Prosol Proyecto Solidaridad;Juan Rey -nueva;San Cristobal ;Calle 119 # 2-29;4.697446, -74.035014
830040877;Fundación Para La Cultura Y La Paz Social Imago;Juaquín del Vaticano;Ciudad Bolivar;Diagonal 81A Bis Sur #17 D - 15 ;4.534854, -74.142389
830130932;Asociacion De Padres Pronutricion niños Del Futuro - Apronif;La Sureña - Santa Librada;Usme;Transv. 2 Este # 75 - 21 Sur ;4.586773, -74.188214
830501182;Fundación Serviamor;Bosa Charles De Gaulle;Bosa;Diagonal73G Sur #79A-40;4.607734, -74.201205
900154276;Fundación El nuevo Amanecer Del Abuelo Zona 7;Gran Britalia;Kennedy;Calle 54B Sur # 80J - 02;4.617209, -74.176478
900258814;Fundación Fuente De Vida;normandía ;Engativá;Calle 56A #71-35 ;4.642015, -74.062283
800214679;Fundación Esperanza Y Vida;Andes;Barrios Unidos;Carrera  65 # 78 - 31 ;4.679317, -74.080111
900176335;Fundación Senderos de Vida;Santa Maria Del Lago;Engativá;Carrera  72 Bis # 76 - 42 ;4.692977, -74.092107
900291788;Fundación Hogar Gerontológico Amor y Vida, Atención Integral del Adulto Mayor ;Cartilla;Kennedy;Carrera  77 #7F-20;4.654475, -74.129205
860506429;Congr. Hnas Terciarias Capuchinas Sgda Flia Prov ntra Sra Montiel Hogar Amor y Vida ;;Suba;Carrera  44 #22A-05;4.632053, -74.095729
800100764;Asociación nueva Vida en Cristo;Carvajal;Kennedy;Calle 37 Sur #72L-41;4.615426, -74.143408
830081458;Parroquia Beato Guillermo José Chaminade portal sur;;Rafael Uribe;Carrera  1 #51-74 Sur;4.542149, -74.110429
900656373;Fundación Creando Sueños para el Futuro;Suba;Engativá;Carrera  97 #133-04 ;4.735011, -74.092192
830045172;Asociación nuevo Milenio ;Barrio La Roca;San Cristóbal ;Calle 6 D #8-63 Este;4.577393, -74.077098
900409877;Biblioteca Ludoteca Palabritas; Barrio San Martín;San Cristóbal ;Carrera  1 C # 95 - 96 Sur;4.502926, -74.117315
830039130;Fundación Caminos de Libertad;Teusaquillo;La Candelaria;Av Caracas #36-41;4.625323, -74.069276
830084156;Fundación Amigos del Abuelo;Sta Isabel;La Candelaria;Calle 1D #25-44;4.596041, -74.098344
830138778;Fundapan Plan de Ayuda al necesitado;Bilbao;Engativá;Carrera  141 C # 143 B - 30;4.752806, -74.112451
900048877;Fundación Forjadores de Tejido Social ;Buena Vista;Usaquén;Carrera  6 # 189 A - 15;4.766412, -74.026035
900202768;Fundacion Mirada Libre Colombia ;Quintas Del Sur (Conjunto Residencial);Ciudad Bolívar;Carrera  17 F # 71 A - 95 Sur;4.660024, -74.063491
900018999;Fundación Bondad Internacional ;Perseverancia;Santa Fé;Calle 68 #  14A 60;4.655501, -74.064250
900087782;Fundación Refugio de los Recuerdos;San Miguel;Barrios Unidos;Carrera  44 #67-30;4.654280, -74.100647
830013717;Fundación Kolping;Teusaquillo;Teusaquillo;Carrera  16 # 35 - 41;4.624458, -74.071177
800112909;Asociacion de Hogares Comunitarios de Bienestar Mundo Feliz;Yomasa;Usme;Carrera  2 B Este # 81 - 31 Sur;4.650250, -74.050143
830137451;Proyecto Union;;La Candelaria;Carrera  59C # 130-21;4.721554, -74.072224
900347027;Fundación social semillas de Luz;Ciudad Latina;Soacha;  Calle 3 # 22 - 04;4.596352, -74.092372
832010086;Fundación Multicentro Shekinah;Sibate;Sibaté;Diagonal2 #2-16;4.693221, -74.199422
860006696;Hijas de la Caridad de San vicente de paul - Centro Comunitario Arabia;;Martires;Carrera  18 I # 82 A - 29 Sur Ciudad Bolivar;4.610724, -74.080328
830141307;Fundación de desarrollo y bienestar social Multiactiva- FUnDEBYSMU;;Soacha;Transversal 80 H # 65 F - 28 ;4.700519, -74.096512
800025766;Asociación Universitaria Colombia ;Teusaquillo;Teusaquillo;Calle 46 #16-09;4.634261, -74.069899
800030867;Parroquia Santa Maria de nazareth;Soacha;Soacha;Tv 17 #6-50 Sur;4.710960, -74.205274
900483551;Fundación Transcendo con un Propósito de Vida;La Floresta;Barrios Unidos;Calle 101 # 66 - 34;4.690142, -74.070744
830117795;Comedor Villa Emma;Bosa;Barrios Unidos;Carrera  88F #74B-15 Sur;4.622443, -74.202743
900002906;Parroquia San Albero Hurtado- Asociación Mujeres y Madres Abriendo Caminos;El Dorado;Barrios Unidos;Calle 1 Sur # 7B - 27 Este   ;4.565924, -74.089675
800232727;Asociacion Benefica Cristiana Promotora de Desarrollo  Integral ABC Prodein    ;Sta Bibiana;Teusaquillo;Carrera  20 #39-17;4.627708, -74.073856
900266337;Fundación Omar Medina ; La Regadera ;Usme;Calle 73C #3C-22 Sur ;4.516578, -74.120997
900478941;Fundacion Yanapa;Cadelaria La nueva;Ciudad Bolívar;Calle 65 Sur # 30 - 04;4.568240, -74.150289
900224181;RISE AnD WALK FOUnDATIOn,InC(Fundacion levantate y camina);San Fernando;Barrios Unidos;Calle 74 # 61 - 77;4.674824, -74.080101
900631370;Fundacion Caszatalentos Colombia;Palermo;Santa fe;Calle 45B # 22 - 72;4.635314, -74.074712
900816562;Fiat  Gaudium;San Gabriel;Usaquén;Calle 106 # 53 - 56;4.694816, -74.063180
830072495;Fundacion Pastoral Social manos unidas;Fontibon;Fontibón;Calle 23 # 109A 15;4.684953, -74.143885
860071169;Fundacion Solidaridad por Colombia;Patio Bonito;Kennedy;Diagonal 38 Sur # 82 - 30;4.634049, -74.160912
800188891;Fraternidad de la Divina Providencia;Simón Bolívar;Barrios Unidos;Calle 77 # 62-50;4.677995, -74.078860
900407662;Fundación sistema Integral Global en Red Social;Tuna Alta El Rosal;Engativá;Carrera  89 # 152 - 42;4.747383, -74.081201
860025708;Parroquia San Bernardino de Soacha-Hogar Infantil la Ronda del Caracolito;Soacha ;Soacha;Calle 12 #6-50;4.580974, -74.219786
830069434;Parroquia María Inmaculada;Bosa;Bosa;Calle 77 #84A-07 Sur;4.608462, -74.206360
900157971;Fundación Red de Vida;El Tesoro;Ciudad Bolívar;Tv 18H # 77D-53 Sur;4.539854, -74.148819
900387037;Fundación Colombia en Progreso;Hayuelos;Fontibón; Carrera  5A # 67A - 29 Sur ;4.666150, -74.078587
832003348;Parroquia San Bartolomé   Gachancipá ;Gachancipa;Gachancipa;Calle 2 #5-40;4.572712, -74.222702
900282938;Fundación Adulto Mayor Prado Jardín;Prado Veraniego-Salón Comunal Prado Sur;Suba;Calle 129 #55-17;4.716703, -74.063814
800217115;Parroquia San León Magno;Bello Horizonte;San Cristóbal ;Calle 31 F Sur # 1 - 11 ;4.561288, -74.094554
860010516;Orden de Religiosas Adoratrices de Colombia - Juan José Rondón       ;;San Cristóbal ;Carrera 8A # 27B-29;4.605250, -74.072707
860025754;Parroquia de Santa Cecilia;Venecia;Tunjuelito;Diagonal49 Sur #53-56;4.592136, -74.141305
800063330;Asociacion de Padres Usuarios de Hogares de Bienestar los Laches;Laches;Santa fe;Diagonal. 4 A # 10 - 03;4.593405, -74.082492
900212052;OnG Revivir Colombia;nicolás De Federman;Teusaquillo;Calle 56 # 36 A - 09;4.644211, -74.071123
900212362;Fundacion Recrearte Pais;Calleass;Kennedy;Carrera  81 # 87 A - 81;4.643845, -74.147065
900039001;Fundacion Colombiana de Oro;Compartir;Suba ;Calle 65 A Bis Sur # 18 # - 36;4.618530, -74.191009
900237922;FundacionMeltk Proyecto de Vida;Santa Fe;Santa fe;Calle 23 # 16 A - 19;4.580431, -74.210140
800142051;Asociacion  de Padres Usuarios de Bienestar nueva Modalidad Semillas;Bachue;Engativá;Calle 89 # 95 F - 00;4.716397, -74.102562
900226180;Fundacion de Adultos Mayores Organizados ReSidentes en Fontibon - Amor en Fontibon;Atahualpa;Barrios Unidos;Carrera  116 # 22 I - 00;4.686935, -74.150768
830122712;Fundacion Jaime Benitez Tobon;La Floresta;Engativá;Avenida calle 116 # 55 C - 44 Apto. 1403;4.692485, -74.029822
830031854;Hogar Gerontológico Volver a nacer ;;Villeta;Carrera  27A #4-19Sur;4.595182, -74.102831
900111232;Fundación para la Restauración de la Familia sirviendo con amor;STA ISABEL;La Candelaria;Calle 1 #25A-40;4.595116, -74.100443
832011055;Fundación Madre Teresa de Calcuta;Soacha Centro;Soacha;Carrera  6 #11 - 51;4.598189, -74.074182
830018298;Parroquia Cristo de La Paz;;Usme;Carrera  1B #76B-15 Sur;4.581564, -74.078137
900144922;Fundacion Asociada Gustavo Restrepo;GUSTAVO RESTREPO;Rafael Uribe;Carrera  15 #28A-02 Sur;4.616410, -74.073227
830146924;Casa Calleub La Merced Ltda;LA COnCEPCIOn;Barrios Unidos;Carrera  15 #70A-49;4.658105, -74.063501
830132480;Comité Cívico Comunitario La nueva Esperanza ;VICTORIA;Usaquén;Calle 41 Bis #5-68 Este;4.626791, -74.055915
800035174;Fundación ayuda a la infancia hogares Bambi Bogotá;Marruecos Sur;Suba;Transversal 5 Q # 48 J - 24 Sur;4.566074, -74.083698
900090077;Fundación Gestores Sociales;;Barrios Unidos;Calle 82 #94 L -86 ;4.664570, -74.051223
860354345;Fundación Rehabilitación Integral FRInE;STA TERESITA;Teusaquillo;Calle 44 #17-45;4.542256, -74.080234
800146889;Parroquia San Cipriano;SAn CIPRIAnO;Suba;Carrera  54 #167-90;4.750755, -74.053452
900090186;Corporación Sembrando Vencedores;;Engativá;Calle 153A #104-85;4.755349, -74.092680
800232897;Asociación Fraternidad de Abuelos Enrique Grosse AFAEG  ;BRITALIA;Mártires;Carrera  81C Bis #43A-24;4.620479, -74.174775
900251779;Fundación Sueños de Libertad;InGLÉS;Rafael Uribe;Calle 11A Sur #16-66;4.588130, -74.096969
800076009;Parroquía Del Santisimo SaCarrera mento;;Suba;Carrera  98 #17A-81 Sur;4.671836, -74.144122
900172618;Asociación  Jesús Vive Hoy y Siempre;VICTORIA;San Cristobal ;Calle 41 Sur #3-04 Este;4.561209, -74.106746
860535318;Asociacion Hogar Villa Alegria;Popular Modelo;Barrios Unidos;Carrera  57 B # 66 B - 51;4.653863, -74.086811
830109620;Asociación de Mujeres Esperanza de Vivir;CALVO SUR;San Cristobal ;Calle 1 Sur #7A-24;4.585991, -74.082516
900230464;Salud Integral GH&M LTDA;nORMAnDÍA ;Engativá;Carrera  74B #49A-21;4.672027, -74.112638
900212399;Fundación Manos de Jesús;LA PLAYA - MEISSEn;Ciudad Bolivar;Calle 60D Sur #18A-39;4.560463, -74.137298
860014066;Jardín Infantil Obrero ;;La Candelaria;Carrera  5 #33-61;4.619244, -74.065548
830097378;El Jardín de los Abuelos Barrio nueva Delhy;nueva DELHY;San Cristobal ;Carrera  13 Este # 61-15 Sur;4.586087, -74.188438
900345017;Corporación Albergando Sueños;PARAISO;Ciudad Bolívar;Calle 71H Bis Sur # 27B-20;4.550532, -74.159965
900600805;Fundación Tecnologica Industrial Juan Pablo II;San Humberto;Ciudad Bolívar;Carrera  1A # 13-45;4.575924, -74.217060
900309235;Fundación Cultural Y Social nuevas Fronteras;TEUSAQUILLO;Teusaquillo;Calle 33 #19-05 Ofc.301;4.622288, -74.074056
900090761;Parroquia Santa Catalina De Alejandria;CATALInA 2 ;Bosa;Carrera  77H #54-30 Sur ;4.604775, -74.169365
900267670;Confederación Hagamos De Colombia Un Pais Grande;TEUSAQUILLO;Teusaquillo;Carrera  20 #52-20;4.640628, -74.071214
900304431;Programa De Apoyo Al Desarrollo Social De La niñez Adolescencia Y Primera Juventud FACOLIB;VILLA LUZ;Engativá;Calle 63F # 80A-68;4.682979, -74.110923
900202160;Fundación Jesús Rey y María;RECUERDO - STA FE DE BOSA;Bosa;Carrera  105B #58-07 Sur;4.696998, -74.127223
860021643;Monasterio de la Visitacion de Santa Maria de Bosa;BOSA-CARRO;Bosa;Calle 65 Sur #80C-11;4.607569, -74.184816
900099643;Corporación Sierra Feliz ;;Ciudad Bolívar;Calle 69 #73H-31 Sur;4.581406, -74.169574
830111643;Fundacion Hogar de Abuelitos Fe y Luz;BARRIO ALQUERIA;Los Martires;Carrera  52B #38A-15 Sur;4.600907, -74.130547
800000791;Parroquia San Martin de Tours;SAn MARTIn LOBA;San Cristobal ;Carrera  1 Bis # 42-19 Sur;4.550446, -74.099459
900077664;Fundación  Educativa para niños Especiales FUnES  ;San José;Rafael Uribe;Carrera  12 B # 25 - 21  Sur;4.575898, -74.099901
830146031;Corporación Hogar Gerontológico Adelita;"SPRInG (ADMInISTRACIOn) LAS VILLAS (OPERATIVA)";Suba;Carrera  46 #134A-32;4.716547, -74.070591
860504257;Fundación Colombiana Para La nutrición Infantil nutrir ;TIBABITA;Usaquén;Carrera  8 # 186-58;4.763432, -74.028964
900119039;Fundación Wayra Colombia ;ESPAÑOLA;Engativá;Diagonal 83B #79-23;4.705107, -74.094797
900053001;Fundación Casa De Encuentro FUnCASEn;nORMAnDÍA;Engativá;Calle 51 #70-30;4.666771, -74.106075
900065413;Parroquia Beato Guillermo Jose Chaminade - Centro de Acogida Voz de Alerta ;;Rafael Uribe;Calle 48Q Bis #53 Sur;4.550415, -74.108574
830116111;Fundación Lazos de Amor;COUnTRY SUR;Rafael Uribe;Carrera  12 Bis #30-52 Sur;4.572877, -74.102767
900315369;Fundación Casa Hogar Su Casa ;MODELIA;Fontibón;Carrera  75 # 23A-23;4.663714, -74.122572
900318677;Fundación Trabajando por Colombia;Gran Britalia;Kennedy;Carrera  84 # 47 A - 18 Sur;4.697483, -74.102917
830125371;Fundación Hogar para Personas Discapacitadas - FEDESPERAnZA ;OLAYA;Rafael Uribe; Calle 28 Sur #23-48;4.583972, -74.110717
900117134;Fundación Caminos, Esperanza y Libertad;MARCELLA;Kennedy;Calle 5 #71A -32/28;4.627469, -74.134065
900094010;Centro de Educación Integrada Doman Delacato;Miraflores;San Cristobal ;Carrera  78 # Bis A # 47 B - 15 ;4.615712, -74.166870
860055497;Asociacion Amigos del niño Ayudame;USAQUEn;Usaquén;Calle 128 #7-53;4.707152, -74.029047
900186099;Fundacion Colombiana Para el Desarrollo  Social Manos de Esperanza ;MARIA PAZ;Kennedy;Calle 1 Sur #82-35 ;4.637063, -74.157572
900279267;Fundación La Casa De La Prosperidad;VILLAS DE KEnnEDY;Kennedy;Carrera  81D #54-31 Sur;4.619507, -74.176354
900291870;Fundación Fortalecimiento Del Adulto Mayor - FOAMC;BABILOnIA;Usaquén;Carrera  13A # 164A-04;4.743393, -74.031778
900298126;Corporación Espigas De Amor;San Agustin;Rafael Uribe;Calle 49 C Sur 5 B-41;4.548314, -74.110510
900005280;Fundación Geriatrica Remanso de Paz;RCA 20 SAn FELIPE;Barrios Unidos;Carrera  20C # 77-23;4.665993, -74.061878
800210363;Instituto Herbert Spencer LTDA;Costa Rica Sector naranjal;Suba;Carrera  96 # 129 C - 76;4.705862, -74.110531
900356361;Fundación el Albergue ;ALACALA;Puente Aranda ;Calle 34 Sur #46-20;4.616685, -74.139336
860008010;Sociedad Salesiana- 02- Oratorio niño Jesús;BOSA BRASIL;Bosa;Calle 36 #24-39;4.630095, -74.186560
830092973;Fundación Mazal;nicolas de Federman;Chapinero;Transversal 22G # 61C - 24;4.649664, -74.071490
900490605;Iglesia Cristiana cielos abiertos de restauracion ;Chapinero;Chapinero;Carrera  13 # 64 - 16;4.650992, -74.063025
900474959;Fundación Centro de Atención Infantil CAI Albert Einstein;San Mateo - Soacha;Soacha;Carrera  9 Este # 38 - 23;4.581942, -74.192860
900384581;Fundación TEAH Templanza, Esperanza, Amor, Honestidad ;Vereda Corinto ;Usme;Calle 137 #12 - 74;4.718974, -74.039087
900266395;Fundación Casa Del Abrazo;Villa Luz;Engativá;Carrera  1 A # 13 - 39;4.597016, -74.067544
900092912;Fundación nacional de Trasplantes;Soledad;Teusaquillo;Carrera  29 # 39 B - 45;4.603294, -74.099234
806007685;Hermanas Misioneras de Santa Teresita del niño Jesús;Ciudad Jardín Sur;Teusaquillo;Carrera  12 B # 18 - 27 Sur;4.606767, -74.074892
900208409;Fundación Pie de Apoyo Colombia;Santa Fe;Santa Fé;Calle 21 # 16 A - 26;4.611688, -74.077547
900699021;Parroquia Sagrado Corazón de Jesús;Olivos - Sector I;Bosa;Transversal 13 # 1 D - 18;4.597087, -74.198416
900082531;Fundación Colombia Social Vida - FUCOLSOVI;Kennedy Ayacucho I;Kennedy;Calle 34 Sur # 79 - 15;4.628775, -74.153100
900580783;Fundacion Escalando por tu futuro;El Progerso;Los Martires;Calle 5 A #o,23-56;4.578434, -74.246381
900704164;Fundación para un futuro Prospero- FUnDFUTURO;nogales ;Suba;Calle 132 C #132-44;4.743148, -74.114002
830134263;Fundación kyrios;Quinta Paredes;Teusaquillo;Calle 25 # 38-20;4.631064, -74.088903
900026353;Fundacion Manos Unidas de Colombia;Kasandra;Kennedy;Carrera  136 # 16-18;4.693759, -74.169553
900985996;Fundacion Casa del Limpiabotas de SantaFe de Bogota FUCALSAB;Panamericano;Martires;Calle  24A # 26 - 43;4.621804, -74.079741
830050939;Fundación Social el Encuentro - Tejiendo comunidad;Polo Calleub;Barrios Unidos;Avda. Carrera  20 # 81 - 55 ;4.669135, -74.060929
900888635;Fundacion Cultivando Talentos ;Engativa;Engativa;Calle  77 # 69 P - 67;4.572207, -74.169262
900837424;Corporacion Sol de Justicia;Lucero Bajo;Ciudad Bolívar;Diagonal 64 Bis # 17B-39 Sur;4.554512, -74.138706
900276103;Confesion Juventud con una mision Colombia;Bonanza;Engativá;Carrera  70 G # 79-89;4.693385, -74.087800
830099177;Fundación Manos Creadoras;Sector II;Ciudad Bolivar;Calle 78 Sur # 18 A - 32;4.540315, -74.143183
900060165;Corporación Hogar Gerontológico Sarita;nORMAnDÍA ;Engativa;Calle 52B #73A-50;4.673653, -74.109138
830120135;Corporación Escuela Popular Infantil EPI;VILLA nIDIA;Usaquén;Calle 160C #11-51;4.744729, -74.066478
900002906;Parroquia San Alberto Hurtado   - Asociación para el Desarrollo Integral del Barrio el Consuelo;EL DORADO;Engativá;Calle  1 #9-8;4.588570, -74.084407
900170697;Fundación Luz del Ocaso;BOYACA;Engativá;Carrera  9 #15-83 Of. 501;4.603555, -74.074728
800252603;Cooperativa de Trabajo Asociado de ReciCalleadores EL TRIUnFO;Zona Industrial ;Puente Aranda ;Carrera  3 # 14 - 46 Ofc. 203;4.594382, -74.184381
900394829;Centro Integral de Estimulacion Temprana Aprendamos Jugando SAS;La Estancia;Ciudad Bolivar;Carrera  74 C # 59 A - 04 Sur ;4.592977, -74.172627
900376810;Corporacion Educativa Social y Empresarial San Fransisco de Asís;Roma IV;Kennedy;Carrera  78 F # 57 A - 17 Sur;4.626046, -74.145792
900358561;Fundación Voz de Aliento sede Sur n° 1;;Engativá;Cr19 #140-46;4.723742, -74.046311
900552501;Fundarpro proyectando y capacitando sociedad - FUnDARPRO;MARICHUELA - SALÓn COMUnAL;Usme;Carrera  1H bis Este # 81 - 48 Sur;4.509331, -74.114250
900543226;Parroquia nuestra Señora de los Alpes;Los Alpes;San Cristóbal ;Calle 36 D Sur# 11 - 42 ;4.561475, -74.098974
900044127;Asociación Cristiana la Cosecha del Señor;Ciudad Jardín norte;Suba;Calle 129 # 59 A - 09;4.719344, -74.072198
830078800;Fundación Camino a la Luz - FUnCALUZ;Alcázares;Barrios Unidos;Carrera  28 # 74 A - 26;4.667335, -74.068376
900011372;Fundación Pacto Esperanza;San Jose Rondon ;Ciudad Bolívar;Calle 68A #20C-07 Sur;4.657664, -74.067420
900012007;Parroquia María Madre Admirable;Aures;Suba;Carrera  102 # 131B - 58;4.734526, -74.097363
860530249;Parroquia nuestra Señora del Consuelo;Barrancas;Usaquén;Calle 156 7H - 40 ;4.732938, -74.028095
830084121;Parroquia San Isidoro de Sevilla;Babilonia;Usaquén;Carrera 14A # 163A-30 /36;4.741716, -74.035007
860054247;Parroquia Santisima Trinidad;La merced - norte;Barrios Unidos;Carrera  29 # 69-24;4.663224, -74.073734
900772134;Fundación Myfonata;Tequendama ;Soacha;Calle 14 # 10 - 35;4.602789, -74.076943
900322913;Asociación dulce despertar ;Alfonso López;Usme;Carrera 7B Este #95 - 32 Sur;4.588408, -74.066229
860036697;Parroquia la asuncion de nuestra señora;Santa Sofía;Barrios Unidos;Callee 79 # 28A-46;4.671142, -74.066561
830091601;Fundación organización de padres con niños con cancer OPnICER;Las Cruces;Santa fe;Calle 1A #9-85;4.587473, -74.082984
800243798;Asociación mujeres ventanas al futuro;Villa Calleemencia ;Bosa;Calle  57 Sur #4-2 A 4-36;Calle 57B sur n84c - 45
900131480;Parroquia Jesus Eucaristia;Zona Franca;Fontibón;Diagonal 16 # 104 - 51 Lc 2;4.672043, -74.153334
900892698;Fundacion niños,Jovenes,Adultos,Afros y Raizales;Camino de la Esperanza;Suba;Carrera 145 # 145 - 46 ;4.755192, -74.115698
900682171;Fundacion Manos Emprendedoras Dejando Una Huella de Paz;Centro;La Candelaria;Calle 6 # 4 - 64 ;4.590156, -74.076988
900795846;Fundacion Una Vida con Proposito y Amor (VIDAMOR);Capri;Usaquén;Calle 149 # 12C - 56;4.728070, -74.034632
900660960;Fundacion Dejad que los niños Vengan a Mi;Usaquen;Usaquén;Carrera  72J #48B Sur58;4.602092, -74.151568
900995615;Asociación Hogar Gerontoligico Amor y Vida;Santa isabel;Los Martires;Carrera  29 # 1 G- 45;4.600369, -74.101506
900624482;Fundacion de atentcion integral de enfermedades huerfanas;Ibaro II;Teusaquillo;Carrera  14A # 6 - 10;4.601248, -74.081770
860022017;Congregacion de los Sagrados Corazones de Jesus y Maria;Simon Bolivar;Barrios Unidos;Call 78 # 62 - 23;4.677699, -74.078356
900797509;Fundacion Avanza por Colombia;Funza;Cundinamarca;Calle 25C bis # 99 - 39;4.684864, -74.130719
900658402;Fundación Oasis de Vida;Samper Mendoza;Mártires;Carrera  25 # 22 B - 49;4.618874, -74.081728
900138104;Corpoalegria;Salitre Greco;Engativá;Calle 45# 66A -27;4.653842, -74.099006
900725342;Fundación años de Honra y abundancia-FAHA;Usme;Usme;Calle 92 Bis #14 A-68;4.498791, -74.105170
900351794;Corporación Anne Frank - C.A.F;Santo Domingo ;Ciudad Bolivar;Calle  37 Sur #9-2 A 9-34;4.564320, -74.104175
900036023;Fundación Ayudando Ayudar la Mano que Apoya ;JORDAn;Fontibón;Calle 20 C # 107-53;4.680643, -74.146326
900557298;Fundación Angeles sin Límites ;Santa Isabel;Los Martires;Av Calle 3 # 28 - 07;4.602111, -74.098711
900799257;Sueños Hechos realidad;Paraiso;Ciudad Bolivar;Carrera  4 Este # 10-18;4.853155, -74.045920
900046447;Asociación civico comunitaria;Islandia 1 sector;Bosa;Callee 73 Bis Sur # 83A05;4.614649, -74.196751
900703295;Fundación mujeres de vida;Santa Rita;Suba;Calle 138 B 158-13;4.744992, -74.128740
900676770;Fundación Social la Fe, la esperanza y el amor;arrayanes;usme;Carrera  14 A Este  91 B 22;4.507637, -74.115452
900906506;Fundacion Remendando Sueños;Centro;Icononzo (Tolima);Calle 7 # 6 -64;4.594308, -74.077065
900217424;Fundacion IPS de Rehabilitacion en Salud Mental Conductual y Emocional para niños y niñas y Adolescentes (PSICOREHABILITAR IPS);Estrada;Engativá;Carrera  69 # 67A - 03;4.676991, -74.091704
900706064;Fundacion Angelitos de Amor ;Engativa;Engativa;Calle 96# 92-2;4.715311, -74.096192
900489959;Fundacion Jamboozz;Engativa;Suba;Diagonal150 141A-64;4.758335, -74.113935
900983636;Fundacion Una Esperanza Para Todos;Veraguas;Martires;Carrera  28A # 5 - 13;4.603757, -74.097888
900375790;Fundacion Domus Colombia;Puente Aranda;Puente Aranda ;Carrera  56 # 17-44;4.632788, -74.108157
900397212;Fundación latinoamericana y avivamiento para el mundo depende mas de mi.;Gustavo Restrepo;Rafael Uribe;Avda. Caracas # 27 - 82 ;4.617271, -74.071732
900009464;Fundacion nuestro Señor de los Milagros - FUnUSMI;Bosa - naranjos;Bosa;Calle 70 C Sur # 80 - 56;4.605809, -74.193314
830087789;Fundación Abriendo Fronteras;STA ROSA;Santa Fé;Calle 1D #6-60 Este I#t.6;4.587852, -74.080829
900310195;Fundación Construyendo Futuro OnG;Villa Mayor la nueva;Rafael Uribe;Diagonal. 39 C Sur # 34 10;4.588843, -74.124979
900029863;Fundacion Social Comunitaria el Anhelo- FUnDAnHELO;El Anhelo;Bosa;Carrera  95 A # 56 H - 15 Sur ;4.716809, -74.098840
900466117;Fundación Manos que Protegen;La Igualdad;Kennedy;Carrera  69 D # 1 - 70 Sur ;4.622825, -74.130761
900178372;Asociación de Madres Sustitutas ASOMAS;;San Cristóbal ;Calle 36I Sur #1B-63;4.622911, -74.065571
900084538;Junta de Accion Comunal del Barrio Santa Rosa;Santa Rosa;Suba;Carrera  70 C # 102 - 40 ;4.695265, -74.073922
900048908;Fundación Personitas de Unir;UnIR 1 PATIO BOnITO;Kennedy;Diagonal34 #90D-79 Sur;4.644944, -74.166062
830108472;Parroquia santos Martires Gervasio y Protasio;ToberIn - Suba;Engativá;Calle 130 B Bis # 87 - 20;4.726551, -74.085227
900023752;Fundacion centro de atencion Integral a la Familia mis Pequeños Duendecitos;Aurora;Usme;Transversal 3 F # 70 A - 41 Sur;4.637540, -74.061452
800106321;Junta de accion comunal los comuneros Zona 11;Comuneros norte;nn/A;Calle 140 B # 111 A - 35;4.718890, -74.035332
830057894;Fundación Laudes Infantis;ALEX;Candelaria;Calle 13 #2-11;4.597099, -74.069859
900471068;Asociacion de madres comunitarias y padres usuarios niño Jesus del sur;SAn MARTIn I SECTOR;Barrios Unidos;Carrera  1 Bis # 42 - 08 Sur;4.575232, -74.082400
900177830;Fundación Hogar Abuelitos Queridos;QUIROGA;Uribe-Uribe;Calle 41 B Sur # 24 - 39;4.580485, -74.123473
900516119;Fundación Poder Para Cambiar;Marco Fidel Suárez;Rafael Uribe;Diagonal. 46 Sur # 15 A - 59;4.568971, -74.122953
860011048;Concilio de las Asambleas de Dios de Colombia;;Chapinero;Calle 68 # 14 A - 60;4.655483, -74.064242
830140719;Fundación Jardín Johan Sneider;Arborizadora Baja;Ciudad Bolivar;Calle 58 Bis # 43 - 64 Sur;4.575702, -74.149418
830132650;Asociacion  Futuro para todos;Bosa Villa Sonia;Bosa;Calle 57B Sur # 86-40;4.621038, -74.184440
900068409;Fundacion Discipulos de la divina misericordia;La Fortuna;Usme;Calle 5 # 15-64;4.600816, -74.071948
830097746;Fundacion Gerontologica refugio de las Canitas;normandía II Sector;Engativá;Carrera 73 Bis #55-16;4.674550, -74.106926
900627279;Fundación Corazón Radiante;Bosa nueva Granada;Bosa;Calle 70 Sur # 78C - 15;4.602656, -74.191810
900749485;Asociación Monte de sion;Juan Pablo II;Ciudad Bolivar;Carrera  9 #69-2 A 69-78;4.652748, -74.059119
900293653;fundacion crecer proy. Educativo;alamos ;Engativá;Calle 66A#98-77;4.696672, -74.120491
900878378;Fundacion Vidas y Testimonios;nueva zelandia;Suba;Calle 182 # 45 - 45 Torre 4 Ap 101;4.759694, -74.046597
900814542;Fundacion Froilan de Fosses;San Martin;Sibaté;Tranversal  10A # 9 - 27;4.492705, -74.260892
800136743;Asociación De Padres Usuarios Y Madres Comunitarias De Hogares De Bienestar Tibabuyes Universal;TIBABUYES UnIVERSALl;Suba;Carrera  131 #141-14;4.747302, -74.112296
860015834;Congregación dominicas del Rosario Perpetuo y de Santa Isabel de Hungría;Spring;Suba;Carrera  52 A # 134 - 24;4.721815, -74.056909
900276397;Fundación mi primera Estación;San Juan;Soacha;Calle 16 A # 2 - 28;4.705912, -74.203443
900091485;Fundacion Siervos de Jesus n° 1; Luís Carlos Galán I Sector (Altos de Cazucá);Ciudad Bolívar;Carrera  20B Sur # 45-16;4.633687, -74.072630
900642730;Fundación el Trencito de un niño Feliz;Santa Fe;Santa Fe;Carrera  18 Bis # 23 - 31 Apto. 101;4.614846, -74.077078
900647561;Fundación Semillitas de Paz;Las Flores;Suba;Carrera  107 # 140 C - 12;4.744698, -74.098409
860010523;Fundación Gota de Leche;Santa Fe;Santa Fé;Carrera  9  # 20 - 42;4.607751, -74.072469
860007392;Dominicas Hijas de nuestra Señora de nazareth-Hogar san José funza;Mexico;Suba;Calle 19 #6-60;4.605372, -74.071242
900810955;Fundacion de Capacitacion Integral Social/FUnDACIS;Bosa   Islandia;Bosa;Diagonal 73A Bis Sur # 83A - 14;4.614716, -74.196778
900653286;Fundacion Amandonos Juntos;Bosa Villa natalia;Bosa;Calle 74Sur # 83B - 27;4.615733, -74.199837
900269604;Fundacion Educativa Creciendo;Sabana Tibabuyes;Suba;Transversal  127C # 139B - 48;4.747085, -74.108525
800036156;Parroquia San Basilio Magno;Bochica;Engativá;Calle 80 A # 101 - 37;4.711854, -74.112243
900449230;Asociacion Reto  a la Esperanza;Fontibon;Fontibón;Calle 18 # 106 - 45;4.678093, -74.148071
900310341;Corporacion Red de Mujeres por la Paz y los Derechos Humanos  (Ser Mujer);Castilla;Kennedy;Carrera  72B # 9 - 73;4.640724, -74.136587
809009880;Fundacion Banco de Alimentos Ibague;Estacion;Ibagué;Carrera 4 # 23-42;4.607543, -74.067178
900890102;Fundacion Red de Afectos;Gratamira;Suba;Calle 31Sur # 12I-03;4.570763, -74.104160
860020658;Congregación de Hermanas de la Caridad de Santa Ana - Centro del Anciano Santa Ana Guayatá ;;Teusaquillo;Carrera  3 A Bis Este # 95 - 71 Sur;4.635195, -74.057762
800197098;Fundación del Pequeño Trabajador;Barranquillita;Kennedy;Carrera  86 G # 40 - 60 Sur;4.672085, -74.056007
900369242;La Corporación de Regreso a Casa;;Antonio Nariño;Diagonal. 14 # 12 C - 05 ;4.666164, -74.056023
900414350;AGROMIGD SAT;Altos del pino;Usme ;Carrera  29 B Este # 41 D 18;4.600875, -74.121958
900245051;Asociacion Sembrando Esperanza por un Bienestar Integral ASEBI;Villa Mercedes-Cazuca;Soacha;Carrera  6 # 2 A - 4 Este;4.598746, -74.073797
830100672;Asociacion de Mujeres Cabeza de Familia San Carlos       ;SAn CARLOS;tunjuelito;Carrera  18B #54-60 Sur;4.643117, -74.069560
900026872;Fundacion Cristiana Vida nueva;PARAISO;Ciudad Bolivar;Cr 27 F 71#-03 Sur        ;4.663674, -74.068568
830143151;Fundación Misionera Divina Redención  san felipe neri;SUBA;Suba;Carrera  90 #148-55;4.733138, -74.116239
800235031;Asociacion Social de Damas Voluntarias del Hospital de San Blas;SAn BLAS;tunjuelito;Carrera  3 Este # 16 - 76 Sur;4.591943, -74.070304
900415312;"Asociacion de madres sustitutas de la Localidad de Usme ""POR Un MAÑAnA MEJOR""";GRAnJAS DE SAnTA LIBRADA;Usme ;Calle 76 A Sur # 1 B - 08 ;4.667133, -74.065228
860403568;Parroquia San Ramón nonato;MOLInOS I SECTOR;tunjuelito;Callee 49 D Bis # 5 -4 ;4.547087, -74.111071
900256913;Fundación Moderno Siglo XXI;Patio Bonito II Sector;Kennedy;Calle 35 B Sur # 87 A - 27;4.588979, -74.118733
900086187;Asociación niños del futuro de Ciudad Bolivar;MADELEnA;Ciudad Bolivar;Calle 62 B # 66 A - 45 Sur;4.647226, -74.067279
830137893;Fundación corazon Joven;Bosa Carlos Albán;Ciudad Bolívar;Calle 71D #º 78C - 67 ;4.604238, -74.196319
830002384;Parroquia  San  Esteban Protomartir;;Fontibón;Calle 32 Sur # 51D-09;4.602906, -74.126769
890981333;Comunidad Religiosa Madres Misioneras Doroteas hijas sagrados. Colegio giovanni farina;;Bosa;Carrera  101 #54;4.681108, -74.135782
900317060;Fundación Manguaré;SAn FERnAnDO;Barrios Unidos;Calle 74 #57B-39;4.673179, -74.077993
830018745;Fundacion San Pedro Calleaver   ;SEVILLA;Antonio nariño;Av Caracas #1-16 Sur;4.592137, -74.088623
900201316;Fundación Alimentando Ilusiones;Las Margaritas;Usaquén;Calle 148 # 16 - 38;4.730321, -74.041867
900065413;Fundación Chaminade;;Rafael Uribe;Calle 48Q Bis #53 Sur;4.550564, -74.108703
860020658;Congregacion de Hnas de la Caridad de Santa Ana;;Teusaquillo;Tv 20 #59-52;4.641199, -74.071283
860010525;Hijas del Corazón Misericordioso de Maria - Hogar Betania;QUInTA RAMOS;San Cristobal ;Calle 11 Sur # 7A 29;4.579995, -74.087363
830065150;Asociación de la Tercera Edad Barrio Estrella del Sur - Localidad  19 ASTEBES   ;ESTRELLA DEL SUR ;Ciudad Bolívar;Calle 75 # 18 D - 57 Sur;4.542345, -74.143293
808000505;Parroquia San José Pandi Cundinamarca;Las Quintas - Pandi - C/marca;Ciudad bolivar;Carrera  5 # 2 A - 51;4.579831, -74.226478
900065588;Fundacion Centro de Apoyo Integral La Luz del Mundo ;Santa Rita;Puente Aranda ;Calle 138 A # 152 - 32;4.745899, -74.124114
860010525;Hijas del Corazón Misericordioso de Maria - Hogar Betania;QUInTA RAMOS;San Cristóbal ;Calle 11 Sur # 7A 29;4.579995, -74.087363
830137199;Asociación para el Adulto Mayor Jardin de la Sabiduria;;San Cristóbal ;Calle 78C #17J-64 Sur;4.538666, -74.141290
830078348;Corporacion para el Desarrollo Comunitario y la Promocion Cultural colombia Crece ;Vista Hermosa;Ciudad Bolivar;Transversal 18 J # 71 23 Sur;4.575460, -74.241823
900260714;Fundación por un Mundo nuevo;Perdomo Alto;Ciudad Bolivar;Transversal 73 D Bis # 66-92 Sur;4.631281, -74.140715
900142108;Centro de Desarrollo Integral nueva Vida;Bosa Betania;Bosa;Carrera  78 Bis # 49-49 Sur;4.696744, -74.097049
900319577;Fundación Ejemplos de vida;LA CORUÑA;Ciudad Bolivar ;Callee 59 A  Bissur  # 48 B 42;4.621632, -74.188200
830077376;Asociacion comunitaria de vecinos del barrio Santa Marta;Santa Marta;Usme;Calle  68 C Sur # 1 - 80 Este;4.526346, -74.116631
900791229;Corporacion sin limitesAfroColombiano-CORAFRO;Chuniza;Usme;Carrera  2 Este #6 - 05;4.589806, -74.072129
900505195;Fundacion casa misionera de Restauracion la Roca de Sion;Patio Bonito;Kennedy;Carrera  94 D # 40 Sur - 15;4.642767, -74.174933
900399159;Fundacion hechos para Trazcender;San Antonio Engativá;Engativá;Ac 63 #111-31 ;4.701382, -74.133225
900263084;Fundacion Fer el Buen Samaritano;nueva Granada I Sector - Bosa;Bosa;Calle 70 B Sur # 77 M - 27;4.652850, -74.056695
800065181;Asociacion de Padres Usuarios Y Madres Comunitarias LUÍS LÓPEZ DE MESA;Colinas;Rafael Uribe;Calle 32 A Bis A # 14 D - 16 Sur;4.572625, -74.108976
830131383;Fundación Casa de Apoyo en Excelencia;SPRInG;Suba;Calle 144 #52-44;4.727410, -74.055159
900058584;Parroquia San Pedro Julian Eymard - Bella Flor;El Paraiso;Ciudad Bolivar;Carrera  27 C # 71 H - 11 Sur -Paraiso;4.663664, -74.068578
900540651;Fundacion mi primera huella feliz;Bosa - Chicó;Bosa;Calle 67 # 88 - 07 ;4.691188, -74.110787
830012978;Childrens Vision  InT  InC;;Rafael Uribe;Carrera  30 #35-46 Sur;4.594780, -74.116551
830094841;Asociación Alianza ProVida Digna - APROVID;SAn LUIS  COLMEnA;Ciudad Bolívar;Diagonal65 BIS A #18Q-37 SUR;4.556928, -74.145514
800161819;Asociación  el Señor de Los Milagros;STA FE;Santa Fé;Carrera  19 #21-48;4.614647, -74.080663
860021793;Asociación Parque El Canada;SAnTA InES;San Cristóbal ;Carrera  5 Este # 28 A - 20 Sur;4.584032, -74.072871
900256303;Corporacion la Luz de la Esperanza;Caracol;nn/A;Calle 35 Sur # 93 B - 02;4.580256, -74.117288
900262945;Fundacion Gerontologica Años Dorados;Modelia;Fontibón;Carrera  81 C # 22 C - 22;4.663103, -74.127561
860006148;Corporacion Educativa Social de Soacha;;Soacha;Calle 13 #12-26;4.602358, -74.079254
900365847;Fundación Siloe;Modelia;Fontibón;Calle 23 B # 75 - 90;4.663621, -74.123667
900080521;Fundacion Sembrando con Amor ;La Gloria;San Cristóbal ;Diagonal. 43 A Sur # 6 B - 44 Este ;4.623437, -74.167122
860010457;Hermanas del niño Jesus Pobre-00 - Andres Fey ;BOYACA REAL;Teusaquillo;AV. BOYACA #66A-61;4.681706, -74.099464
900091485;Fundacion Siervos de Jesus n° 2; Luís Carlos Galán I Sector (Altos de Cazucá);Ciudad Bolívar;Carrera  20B SUR # 45-16;4.633655, -74.072619
860010516;Orden de Religiosas Adoratrices de Colombia - ciudadela maria micaela;;San Cristóbal ;Carrera  9 #28-29 SUR;4.590669, -74.082613
860011048;Concilio de las Asambleas de Dios de Colombia - Cielos Abiertos;;Chapinero;Calle 68 # 14 A - 60;4.655587, -74.064175
900311662;Fundacion Para la Vida y la paz- Funvipaz Cazuca;el Espino;Ciudad Bolívar;calle 68B Bis #o,77-10;4.579887, -74.178710
900171089;Fundación Taller de Mis Sueños;BELLA FLOR;Ciudad Bolívar;Calle 71C SUR #27-28;4.552342, -74.158358
900390162;Fundacion AnA apoyo a niños discapacitados y adolecentes;Balmorar;Soacha;carrera 73 Bis #55-16;4.674534, -74.106883
900624492;Fundacion Infantil Pedagogica Maria Isabel;Bosa nueva granada;Bosa;calle 70 sur #o,78c-35;4.602940, -74.191859
860014310;Congregación Dominicas de nuestra Señora del Santísimo Rosario - Hogar Fray Martín de Porres;Canaima;Usaquén;Carrera  21 #o 196 A - 12;4.774324, -74.041046
900064486;Fundación Cabecitas;Suba Casa Blanca;Suba;Calle 146C # 75D - 70;4.738018, -74.073927
800142051;Asociación nueva Modalidad Semillitas;Bachue 2;Engativá;Carrera  95D # 88-35;4.715653, -74.102541
900325357;Fundación sant egidio colombia ;Cataluna;Chapinero;Tra 5 #42-65 Ap 201;4.629809, -74.063397
900330674;Fundación Pedagogica para una Infancia Feliz - Moises;Bachue 1 sector;Engativá;Calle 83 # 95-29;4.711081, -74.104769
830047295;Fundación TEO Terapeútica de Colombia;Lagos de Suba;Suba;Calle 130A # 103A-02;4.731769, -74.099558
900291026;Fundación mi hogar asuncionista ;Santa Sofia;Barrios Unidos;Carrera  28 B 77 - 55 ;4.670120, -74.067797
900191617;Fundacion Padre Damian;Simon Bolivar;Barrios Unidos;Calle 78 # 62 -23;4.677699, -74.078356
800014683;Parroquia nuestra  Señora de las Mercedes;;Martires;Calle 12 B # 27-64;4.611677, -74.090552
860019014;Orden Hospitalaria de San Juan de Dios;GRAn COLOMBIA;San Cristóbal ;Carrera  8 #17-45 SUR;4.604512, -74.073121
830103677;Obra Social Mornes;La Estrella;Ciudad Bolivar;Calle 73 SUR # 18F - 32;4.544687, -74.146198
900963439;Fundacion nueva Generacion de Conquista n.G.C.;San Rafael;Ciudad Bolívar;Calle 81 G bis sur #18C - 27;4.533145, -74.144485
900068859;Fundacion niños Invisibles;Castilla;Kennedy;Carrera  74 # 7F- 29;4.637311, -74.140487
900082531;Fundacion Colombia Social Vida;Aayacucho;Kennedy;calle 34sur #79-15;4.628761, -74.153093
830104286;Fundacion OnG PTL Programa Tejiendo Logros;Teusaquillo;Teusaquillo;Carrera  16 # 33A-21;4.622871, -74.071414
900978823;Fundacion Tejer Vida;Qurigua;Engativá;Calle 82 # 92 - 43;4.707684, -74.104378
860014805;Asociacion Sociedad de San Vicente de Paul Bogota;Quiroga;Teusaquillo;Calle  41B sur # 23C ;4.579311, -74.123010
900938579;Fundación Santa Maria de los Robles;Caracoli;Ciudad Bolívar;Calle  77sur # 75 - 23;4.572873, -74.175045
800025203;Comunidad Siervos de la caridad Obra Don Guanella ;Santa Isabel ;Los Martires;Carrera  27 # 1A - 04;4.595923, -74.102166
800116540;Asociación de Padres usuarios de Hogares de Bienestar del Barrio Pinar del Rio ;El Amparo;Kennedy;Calle  41 A Bis Sur #81 D - 46;4.628461, -74.164274
830504284;Fundacion Catalina Muñoz;Santa Isabel;Mártires;Calle  5c # 29-34;4.605556, -74.097824
900691039;Asociación Internacional El Taller del Maestro;Santa Fe;Mártires;Calle 22 #17 - 41;4.612801, -74.077982
900051220;Asociación de damas salesianas  centro mamá margarita ADS-CMM ;La cita ;Usaquén;calle 170 # 7-60;4.747026, -74.023640
900050702; Asociación Fraternidad Internacional de jóvenes de Colombia;;Engativá;carrera 122 A Bis #70A-23;4.717987, -74.137167
830136143;Hogar gerotologico Canitas de nazareth;San Jorge - Suba;Suba;Calle 136 # 98 A - 12;4.736890, -74.091926
900695276;Fundación Proyecto el Ser Social;Santa Ines;Bosa;Calle 70B sur # 89A-67;4.626887, -74.199205
900499361; Pan para todos;Isla del Sol;Bosa;Calle 67 # 62-64;4.590346, -74.152641
830132650;Asociacion  Futuro para todos sede -TEJIEnDO FUTURO PARA TODOS;bosa villa sonia;Bosa;calle 57B sur # 86-40;4.621067, -74.184412
900376067;Fundacion Simmon - Sinergias Integradas;Tierra Linda;Suba;Calle 127a # 46 - 06;4.709051, -74.055509
900479761;Fundacion FER;Las Flores;Suba;Carrera  108a # 140 - 48;4.743877, -74.099883
900851822;Fundacion Tu Puedesen Casa;Las Cruces;Santa Fé;Calle 1D Bis # 5A - 29 i#t 2;4.587819, -74.079482
900868821;Fundacion Dentos Sembrando Sonrisas;Villa Elisa;Suba;Carrera  93Bis #133 - 18;4.733028, -74.087754
900216965;Fundación la Tia Loren;;Engativá;Carrera  114 #152 B-80 Alme#dros;4.756946, -74.098446
900100362;Fundacion FUnDEM para la EsCalleerosis Multiple y Otras Enfermedades;San Luis;Usaquén;Carrera  21 # 63 - 75;4.651518, -74.070409
900964587;Fundacion los Sueños se Cumplen;UnE;Soacha;Carrera  3 # 4 - 54;4.706734, -74.229418
800116540;Asociación de Padres usuarios de Hogares de Bienestar del Barrio Pinar del Rio ;El Amparo;Kennedy;Calle 41 A Bis Sur #81 D - 46;4.628454, -74.164282
900989512;Fundación Devoción al Corazón de María ;Ciudad Berna;Antonio nariño;Carrera  11 # 7 - 07 Sur;4.578996, -74.086724
860056735;Asociación Amistad y Servicio AMYSER;Cedritos;Usaquén;Calle  145 # 9 - 71;4.722873, -74.033433
844004702;Fundacion 3DC Derecho, Dignidad y Desarrollo por Colombia;Engativa;Engativa;Transversal 73A # 82-30 i;4.701816, -74.089854
900573067;Fundación Gerontologica Hogar de Maria;normandia;nn/A;Cr 75 # 54 - 13;4.676472, -74.109153
900183551;Centro de investigacion en salud integral y bienestar socio economico - CISBE;Kennedy - Central;Kennedy;Calle 39 Sur # 78 G - 35;4.621424, -74.153951
830133982;Parroquia Jesucristo Pan de Vida;Isla del Sol;Tunjuelito;Calle 67 B # 62 - 35;4.670353, -74.085324
830003252;Fundación del Quemado;Villas;Suba;Calle 128 B # 59 B - 20;4.717911, -74.072939
800043131;Parroquia San Anselmo;La Gaitana;Suba;Carrera  126 # 134 - 88;4.742647, -74.108247
900214704;Fundación Colombia Chiquita - FUnDACOLCHI;Suba - Santa Cecilia;Engativá;Calle 132 D # 159-18;4.740452, -74.129177
900570162;Fundacion mis canitas doradas;J. Vargas;Barrios Unidos;Carrera  66 # 67 D - 34;4.674301, -74.086192
900442811;Fundación amiguitos Royal;g;Usaquén;Callee 185 # 8 02;4.761686, -74.029150
900785688;Fundación lupus colombia;Portales norte;Suba;Carrera  58 # 167-58;4.750398, -74.058878
900870072;Fundasol 126;kennedy central;Kennedy;Calle 40g sur # 78d - 21;4.619671, -74.155103
830086457;Fundacion para el Desarrollo Integral de la Mujer Siglo XXI;Ismael Perdomo;Ciudad Bolívar;Calle 64A #71F-32 sur;4.586578, -74.165394
900144943;Fundacion Amigos de la Salud Virgen de Manare;Chapinero;Chapinero;Carrera  16 #59 -  23;4.646816, -74.067475
800116540;Asociación de Padres usuarios de Hogares de Bienestar del Barrio Pinar del Rio ;El Amparo;Kennedy;Calle  41 A Bis Sur #81 D - 46;4.628454, -74.164282
833063582;Asociación Colombia de Enfermos Hepáticos y Renales       ;La Estrella;Ciudad Bolívar;Carrera  24 # 27 - 26;4.621909, -74.080737
860056735;Asociación Amistad y Servicio AMYSER;Cedritos;Usaquén;Calle 145 # 9 - 71;4.722873, -74.033433
844004702;Fundacion 3DC Derecho, Dignidad y Desarrollo por Colombia;Engativa;Engativa;Transversal 73A # 82-30 int 6 apt 219;4.701816, -74.089854
900183551;Centro de investigacion en salud integral y bienestar socio economico - CISBE;Kennedy - Central;Kennedy;Calle 39 Sur # 78 G - 35 ;4.621424, -74.153951